Gene,LASSO_freq,RF_freq,SVM_freq,mean_freq
PHYHD1,0.63,0.555,0.845,0.6766666666666667
NDRG2,0.44,0.61,0.795,0.615
DEPTOR,0.365,0.555,0.815,0.5783333333333334
BBS2,0.3,0.57,0.63,0.5
CACHD1,0.35,0.555,0.465,0.45666666666666667
APOD,0.505,0.21,0.6,0.43833333333333335
PHKA2,0.05,0.555,0.51,0.37166666666666665
NFIX,0.115,0.575,0.425,0.37166666666666665
FAN1,0.06,0.235,0.67,0.32166666666666666
FAHD2B,0.22,0.56,0.13,0.30333333333333334
SLC25A29,0.275,0.195,0.375,0.2816666666666667
MTERF2,0.03,0.155,0.57,0.2516666666666667
FBXW4,0.05,0.33,0.375,0.2516666666666667
KAT2A,0.0,0.2,0.52,0.24
GRTP1,0.0,0.305,0.35,0.21833333333333332
GALT,0.02,0.23,0.395,0.215
EIF4EBP3,0.08,0.11,0.435,0.20833333333333331
SYNE2,0.03,0.255,0.33,0.205
GFRA1,0.135,0.355,0.09,0.19333333333333333
CTDSPL,0.0,0.035,0.53,0.18833333333333332
ARSI,0.06,0.41,0.09,0.18666666666666668
ILF3-DT,0.0,0.1,0.45,0.18333333333333332
TAF1,0.005,0.205,0.3,0.17
KYNU,0.165,0.18,0.15,0.165
GPD1L,0.005,0.45,0.03,0.16166666666666668
TLR3,0.015,0.075,0.38,0.15666666666666665
BOC,0.195,0.165,0.105,0.155
LETMD1,0.0,0.455,0.0,0.15166666666666667
TAPT1-AS1,0.0,0.115,0.34,0.15166666666666667
GTF2IP20,0.01,0.22,0.215,0.14833333333333334
AMY2B,0.14,0.245,0.04,0.14166666666666666
PI16,0.005,0.38,0.035,0.14
ALDH5A1,0.01,0.125,0.28,0.13833333333333334
HDAC11,0.005,0.06,0.34,0.135
RBL2,0.0,0.08,0.32,0.13333333333333333
SETD6,0.005,0.255,0.14,0.13333333333333333
NDUFA6-DT,0.045,0.085,0.265,0.13166666666666665
SERTAD4,0.01,0.035,0.345,0.13
CFD,0.2,0.145,0.045,0.13
MST1P2,0.025,0.19,0.17,0.12833333333333333
ZBTB44,0.0,0.2,0.18,0.12666666666666665
FRZB,0.005,0.135,0.235,0.125
CYP4X1,0.015,0.14,0.21,0.12166666666666666
CILP,0.095,0.125,0.135,0.11833333333333335
NR3C2,0.11,0.13,0.11,0.11666666666666665
MAOB,0.0,0.065,0.285,0.11666666666666665
FAAH,0.0,0.26,0.09,0.11666666666666665
GSTM2,0.12,0.195,0.03,0.115
TFDP2,0.065,0.14,0.135,0.11333333333333334
LRIG3,0.005,0.225,0.105,0.11166666666666666
LINC01133,0.005,0.07,0.26,0.11166666666666666
LINC01605,0.045,0.23,0.055,0.11
CLU,0.005,0.085,0.24,0.11
HLF,0.16,0.06,0.105,0.10833333333333334
LIFR,0.04,0.05,0.225,0.105
PLP1,0.0,0.22,0.095,0.105
TP73-AS1,0.005,0.16,0.135,0.1
PDZD2,0.005,0.155,0.14,0.1
CHSY3,0.0,0.0,0.29,0.09666666666666666
TMEM116,0.025,0.18,0.085,0.09666666666666666
PARP16,0.01,0.115,0.16,0.095
PTPRE,0.005,0.03,0.25,0.095
SCUBE2,0.02,0.23,0.025,0.09166666666666666
NFIA,0.0,0.25,0.025,0.09166666666666666
SLC16A14,0.0,0.085,0.185,0.09
PAN2,0.005,0.245,0.015,0.08833333333333333
HOXC12,0.0,0.19,0.07,0.08666666666666666
CX3CL1,0.035,0.125,0.1,0.08666666666666666
ALDH3A2,0.0,0.04,0.215,0.085
GLIS3,0.0,0.0,0.255,0.085
VIPR1,0.0,0.185,0.065,0.08333333333333334
PCDH17,0.0,0.0,0.25,0.08333333333333334
TACR1,0.005,0.245,0.0,0.08333333333333334
CEP68,0.005,0.145,0.09,0.08
IL11RA,0.03,0.065,0.145,0.08
NMNAT3,0.0,0.16,0.08,0.08
MARCKS,0.0,0.0,0.235,0.07833333333333332
HIF1A,0.075,0.015,0.145,0.07833333333333332
THBS4,0.0,0.02,0.215,0.07833333333333332
CNNM3,0.02,0.15,0.05,0.07333333333333333
CGNL1,0.04,0.025,0.155,0.07333333333333333
ADAMTS12,0.0,0.005,0.215,0.07333333333333333
SDHAP3,0.0,0.215,0.0,0.07166666666666667
OGA,0.0,0.045,0.17,0.07166666666666667
KANTR,0.075,0.06,0.08,0.07166666666666667
THRA,0.0,0.055,0.16,0.07166666666666667
AHNAK,0.0,0.1,0.1,0.06666666666666667
EGFR,0.0,0.13,0.07,0.06666666666666667
CHD6,0.0,0.05,0.15,0.06666666666666667
ADRA2C,0.0,0.185,0.015,0.06666666666666667
TBC1D8,0.03,0.125,0.04,0.065
NPIPB13,0.0,0.045,0.145,0.06333333333333332
SULF1,0.0,0.0,0.19,0.06333333333333332
CECR7,0.015,0.15,0.025,0.06333333333333332
GPR176,0.0,0.0,0.19,0.06333333333333332
FKBP1A,0.015,0.055,0.12,0.06333333333333332
CTSF,0.03,0.075,0.085,0.06333333333333332
LINC00174,0.005,0.18,0.0,0.06166666666666667
KPNA2,0.05,0.03,0.105,0.06166666666666667
SLC20A1,0.0,0.01,0.175,0.06166666666666667
PRSS23,0.01,0.02,0.155,0.06166666666666667
CYP4B1,0.0,0.095,0.085,0.06
LYRM9,0.02,0.08,0.075,0.05833333333333333
ECT2,0.0,0.03,0.145,0.05833333333333333
ARHGEF26,0.0,0.115,0.05,0.055
ZSCAN18,0.005,0.065,0.095,0.055
UVSSA,0.0,0.15,0.01,0.05333333333333333
PDE9A,0.01,0.135,0.015,0.05333333333333333
PVR,0.0,0.02,0.14,0.05333333333333333
LINC01315,0.0,0.16,0.0,0.05333333333333333
SPHK1,0.01,0.055,0.095,0.05333333333333333
CYTL1,0.0,0.0,0.16,0.05333333333333333
FBLN5,0.01,0.11,0.035,0.051666666666666666
DNMBP,0.015,0.125,0.015,0.051666666666666666
PARD3B,0.0,0.145,0.005,0.05
SRPRB,0.0,0.0,0.15,0.05
F10,0.0,0.14,0.01,0.05
SHC1,0.01,0.02,0.12,0.05
PNPLA7,0.015,0.115,0.02,0.05
SLC29A1,0.0,0.05,0.095,0.04833333333333333
SCARB1,0.0,0.015,0.13,0.04833333333333333
VPS13D,0.0,0.025,0.12,0.04833333333333333
TNFRSF12A,0.03,0.045,0.065,0.04666666666666667
CDC20,0.0,0.1,0.04,0.04666666666666667
PPOX,0.0,0.105,0.035,0.04666666666666667
PLPP3,0.0,0.045,0.095,0.04666666666666667
N4BP2L1,0.0,0.115,0.025,0.04666666666666667
MYRIP,0.03,0.08,0.025,0.045
ZNF704,0.0,0.135,0.0,0.045
TMEM8B,0.05,0.04,0.045,0.045
CHN1,0.0,0.0,0.13,0.04333333333333333
CBX7,0.035,0.08,0.015,0.04333333333333333
AKAP1,0.0,0.08,0.05,0.04333333333333333
GIGYF1,0.0,0.045,0.085,0.04333333333333333
GLIPR1,0.005,0.02,0.1,0.04166666666666667
MTHFD1L,0.0,0.01,0.115,0.04166666666666667
LRIG2,0.0,0.03,0.09,0.04
NSUN5P2,0.0,0.095,0.025,0.04
CRACR2B,0.04,0.045,0.035,0.04
MPV17L,0.005,0.06,0.055,0.04
CDON,0.01,0.06,0.05,0.04
SPDYE18,0.0,0.035,0.085,0.04
GNG5,0.0,0.015,0.105,0.04
GSN,0.0,0.095,0.02,0.03833333333333334
PLAC9,0.005,0.015,0.095,0.03833333333333334
ADCY2,0.0,0.09,0.025,0.03833333333333334
MMP28,0.005,0.055,0.055,0.03833333333333334
CALCOCO1,0.015,0.04,0.055,0.03666666666666667
IL1B,0.0,0.015,0.095,0.03666666666666667
PLEKHH1,0.0,0.08,0.03,0.03666666666666667
CEP95,0.0,0.09,0.015,0.035
TPM4,0.06,0.025,0.02,0.035
NFIB,0.0,0.03,0.07,0.03333333333333333
FAM117A,0.005,0.02,0.075,0.03333333333333333
WNT5A,0.0,0.1,0.0,0.03333333333333333
RRAGB,0.0,0.1,0.0,0.03333333333333333
CYP4F12,0.0,0.095,0.005,0.03333333333333333
PLCB4,0.0,0.1,0.0,0.03333333333333333
SAV1,0.0,0.025,0.075,0.03333333333333333
SPRY1,0.0,0.05,0.05,0.03333333333333333
ELFN1,0.0,0.005,0.095,0.03333333333333333
PGF,0.005,0.06,0.03,0.03166666666666666
ZNF469,0.0,0.0,0.095,0.03166666666666666
FAM189A2,0.0,0.09,0.0,0.03
MYLIP,0.0,0.085,0.005,0.03
SLC22A5,0.0,0.09,0.0,0.03
GPRASP1,0.005,0.085,0.0,0.03
NCALD,0.0,0.005,0.085,0.03
ATP6V0E2,0.005,0.07,0.01,0.028333333333333335
NUTF2,0.0,0.005,0.08,0.028333333333333335
FAHD2CP,0.01,0.07,0.005,0.028333333333333335
EZH1,0.0,0.085,0.0,0.028333333333333335
THBS1,0.0,0.0,0.085,0.028333333333333335
ARHGAP12,0.0,0.075,0.005,0.026666666666666665
ENTPD7,0.0,0.075,0.005,0.026666666666666665
TMEM198B,0.0,0.07,0.01,0.026666666666666665
SERPINE1,0.0,0.0,0.08,0.026666666666666665
ADAM10,0.0,0.015,0.065,0.026666666666666665
PDIA6,0.0,0.005,0.07,0.025
CNN2,0.005,0.045,0.025,0.025
WNT11,0.0,0.075,0.0,0.025
COL4A1,0.0,0.01,0.065,0.025
ACBD4,0.0,0.075,0.0,0.025
TUBB3,0.025,0.035,0.015,0.025
SVEP1,0.015,0.055,0.005,0.025
POLR2J4,0.0,0.07,0.0,0.023333333333333334
GOLGA8B,0.0,0.025,0.045,0.023333333333333334
MIR29B2CHG,0.0,0.045,0.025,0.023333333333333334
SLC25A27,0.0,0.07,0.0,0.023333333333333334
ASH1L,0.0,0.055,0.015,0.023333333333333334
RABL2A,0.0,0.07,0.0,0.023333333333333334
FBXO44,0.0,0.065,0.0,0.021666666666666664
PDGFD,0.0,0.05,0.015,0.021666666666666664
ACADSB,0.005,0.02,0.04,0.021666666666666664
TMEM50B,0.0,0.055,0.01,0.021666666666666664
TMEM147-AS1,0.02,0.02,0.025,0.021666666666666664
ITGAV,0.0,0.04,0.025,0.021666666666666664
AMOT,0.0,0.06,0.005,0.021666666666666664
GUSBP11,0.005,0.045,0.015,0.021666666666666664
SNAI1,0.0,0.0,0.065,0.021666666666666664
NBPF12,0.0,0.065,0.0,0.021666666666666664
MFAP4,0.005,0.06,0.0,0.021666666666666664
NID2,0.0,0.01,0.055,0.021666666666666664
PHKG1,0.0,0.065,0.0,0.021666666666666664
CKAP2L,0.0,0.065,0.0,0.021666666666666664
PPIP5K1,0.0,0.015,0.05,0.021666666666666664
SSBP2,0.0,0.025,0.035,0.02
FAM180B,0.0,0.06,0.0,0.02
PFN1,0.0,0.06,0.0,0.02
ADD3,0.0,0.0,0.06,0.02
TSPAN8,0.0,0.06,0.0,0.02
MELK,0.0,0.06,0.0,0.02
CEP55,0.0,0.06,0.0,0.02
PRR11,0.0,0.055,0.005,0.02
PLA2G6,0.0,0.06,0.0,0.02
GLDN,0.0,0.045,0.015,0.02
SNRPG,0.0,0.005,0.055,0.02
ENO1,0.0,0.06,0.0,0.02
GALE,0.0,0.0,0.06,0.02
BMP4,0.0,0.06,0.0,0.02
PTPRS,0.0,0.045,0.015,0.02
COL4A6,0.0,0.06,0.0,0.02
N4BP2L2,0.0,0.06,0.0,0.02
PPP1R1B,0.025,0.005,0.03,0.02
TMEM25,0.0,0.055,0.005,0.02
NRN1,0.0,0.05,0.005,0.018333333333333333
ZNF862,0.0,0.035,0.02,0.018333333333333333
AGAP4,0.0,0.055,0.0,0.018333333333333333
SLC25A4,0.0,0.055,0.0,0.018333333333333333
ARF4,0.0,0.025,0.03,0.018333333333333333
NETO2,0.005,0.035,0.015,0.018333333333333333
MMP1,0.0,0.02,0.035,0.018333333333333333
CAPN3,0.0,0.05,0.005,0.018333333333333333
INMT,0.0,0.05,0.005,0.018333333333333333
AOX1,0.0,0.005,0.05,0.018333333333333333
HSPA5,0.0,0.055,0.0,0.018333333333333333
RAN,0.0,0.035,0.02,0.018333333333333333
RAD51-AS1,0.01,0.035,0.01,0.018333333333333333
DLGAP5,0.0,0.055,0.0,0.018333333333333333
LINC00894,0.0,0.04,0.015,0.018333333333333333
ABCA6,0.0,0.045,0.005,0.016666666666666666
FAXDC2,0.0,0.05,0.0,0.016666666666666666
ACTN1,0.0,0.0,0.05,0.016666666666666666
PPIL1,0.0,0.02,0.03,0.016666666666666666
GLMP,0.0,0.0,0.05,0.016666666666666666
SULF2,0.0,0.005,0.045,0.016666666666666666
GSTO1,0.0,0.05,0.0,0.016666666666666666
ABCA10,0.0,0.05,0.0,0.016666666666666666
MBTD1,0.0,0.04,0.01,0.016666666666666666
SEC24D,0.0,0.0,0.05,0.016666666666666666
KIF23,0.0,0.05,0.0,0.016666666666666666
CCT5,0.0,0.045,0.005,0.016666666666666666
MKI67,0.0,0.005,0.045,0.016666666666666666
NTRK2,0.0,0.05,0.0,0.016666666666666666
TNC,0.0,0.0,0.045,0.015
NISCH,0.0,0.025,0.02,0.015
CLDN11,0.0,0.03,0.015,0.015
MFSD4A,0.0,0.04,0.005,0.015
MCF2L,0.0,0.01,0.035,0.015
LRP5,0.0,0.01,0.035,0.015
C1QTNF6,0.0,0.0,0.045,0.015
MBOAT1,0.0,0.045,0.0,0.015
MATN2,0.0,0.045,0.0,0.015
CCNB1,0.0,0.04,0.005,0.015
TBX18,0.0,0.015,0.03,0.015
DIO3OS,0.0,0.045,0.0,0.015
D2HGDH,0.0,0.025,0.02,0.015
SEMA3B,0.0,0.045,0.0,0.015
HIF3A,0.0,0.045,0.0,0.015
HID1,0.0,0.01,0.035,0.015
GTF2IRD2B,0.0,0.045,0.0,0.015
BCL2,0.0,0.015,0.03,0.015
JPT1,0.0,0.045,0.0,0.015
FRY,0.0,0.015,0.03,0.015
AASS,0.0,0.025,0.02,0.015
ABCA2,0.0,0.02,0.02,0.013333333333333332
ABCA9,0.0,0.04,0.0,0.013333333333333332
FN3K,0.0,0.04,0.0,0.013333333333333332
TUBA1C,0.01,0.015,0.015,0.013333333333333332
TTLL3,0.0,0.015,0.025,0.013333333333333332
TMEM220,0.01,0.015,0.015,0.013333333333333332
TLE2,0.0,0.03,0.01,0.013333333333333332
FAM107A,0.0,0.035,0.005,0.013333333333333332
TIMELESS,0.0,0.0,0.04,0.013333333333333332
TGFBR3,0.01,0.03,0.0,0.013333333333333332
TCF7L2,0.0,0.035,0.005,0.013333333333333332
NEIL1,0.0,0.04,0.0,0.013333333333333332
COL4A2,0.0,0.005,0.035,0.013333333333333332
ACTB,0.0,0.035,0.005,0.013333333333333332
LTBP4,0.005,0.035,0.0,0.013333333333333332
CGAS,0.0,0.0,0.04,0.013333333333333332
KANSL1L,0.0,0.035,0.005,0.013333333333333332
NIPA2,0.005,0.035,0.0,0.013333333333333332
PKM,0.01,0.02,0.01,0.013333333333333332
PLEKHA7,0.0,0.03,0.01,0.013333333333333332
DCLK1,0.0,0.015,0.025,0.013333333333333332
RERG,0.0,0.01,0.03,0.013333333333333332
RBM6,0.0,0.005,0.035,0.013333333333333332
EIF4A1,0.005,0.02,0.015,0.013333333333333332
SEC61B,0.0,0.01,0.025,0.011666666666666667
RPL26L1,0.0,0.0,0.035,0.011666666666666667
RAB31,0.0,0.0,0.035,0.011666666666666667
ARF1,0.0,0.035,0.0,0.011666666666666667
ANGPTL1,0.0,0.035,0.0,0.011666666666666667
OSR2,0.0,0.035,0.0,0.011666666666666667
HM13,0.005,0.03,0.0,0.011666666666666667
HSF4,0.0,0.035,0.0,0.011666666666666667
L3MBTL1,0.0,0.035,0.0,0.011666666666666667
CDR2L,0.0,0.0,0.035,0.011666666666666667
CYBRD1,0.0,0.015,0.02,0.011666666666666667
METTL1,0.0,0.0,0.035,0.011666666666666667
IQCN,0.0,0.03,0.005,0.011666666666666667
HECTD4,0.0,0.035,0.0,0.011666666666666667
GYG1,0.0,0.0,0.035,0.011666666666666667
OSR1,0.0,0.035,0.0,0.011666666666666667
SYBU,0.0,0.035,0.0,0.011666666666666667
STEAP1B,0.0,0.035,0.0,0.011666666666666667
ADAM12,0.0,0.0,0.035,0.011666666666666667
FEN1,0.0,0.0,0.035,0.011666666666666667
GPIHBP1,0.0,0.035,0.0,0.011666666666666667
ANKZF1,0.0,0.025,0.01,0.011666666666666667
SYT15,0.0,0.02,0.015,0.011666666666666667
HPCAL1,0.0,0.005,0.025,0.01
SLC52A2,0.0,0.02,0.01,0.01
ALDH18A1,0.0,0.0,0.03,0.01
GAPDH,0.0,0.025,0.005,0.01
SLC25A23,0.0,0.015,0.015,0.01
ABCA3,0.0,0.015,0.015,0.01
FCGR1CP,0.0,0.0,0.03,0.01
WDR1,0.0,0.03,0.0,0.01
SUN1,0.0,0.03,0.0,0.01
IL4I1,0.0,0.0,0.03,0.01
NPY1R,0.0,0.03,0.0,0.01
CEMIP2,0.0,0.0,0.03,0.01
GTF2IRD2,0.0,0.025,0.005,0.01
PODN,0.01,0.01,0.01,0.01
PALM,0.0,0.03,0.0,0.01
OVGP1,0.0,0.03,0.0,0.01
HYI,0.0,0.01,0.02,0.01
DFFA,0.0,0.0,0.03,0.01
RCC1,0.0,0.0,0.03,0.01
SACS,0.0,0.0,0.03,0.01
RRM2,0.0,0.03,0.0,0.01
VIT,0.0,0.03,0.0,0.01
COPB2,0.0,0.02,0.01,0.01
CCDC167,0.0,0.005,0.025,0.01
PPIEL,0.0,0.025,0.005,0.01
CCDC191,0.0,0.02,0.01,0.01
HYAL2,0.0,0.0,0.03,0.01
RNPC3,0.0,0.0,0.025,0.008333333333333333
DHRS3,0.0,0.005,0.02,0.008333333333333333
CD300E,0.0,0.025,0.0,0.008333333333333333
HNRNPAB,0.0,0.0,0.025,0.008333333333333333
CASTOR3,0.0,0.02,0.005,0.008333333333333333
MIR99AHG,0.0,0.025,0.0,0.008333333333333333
UGDH,0.0,0.0,0.025,0.008333333333333333
TRIM66,0.0,0.025,0.0,0.008333333333333333
SFI1,0.0,0.025,0.0,0.008333333333333333
XPNPEP2,0.0,0.02,0.005,0.008333333333333333
CAPZB,0.0,0.025,0.0,0.008333333333333333
HOXC-AS1,0.0,0.025,0.0,0.008333333333333333
NRP2,0.0,0.0,0.025,0.008333333333333333
MSANTD3,0.0,0.025,0.0,0.008333333333333333
CXCL8,0.0,0.005,0.02,0.008333333333333333
CHST1,0.0,0.015,0.01,0.008333333333333333
ITM2A,0.0,0.025,0.0,0.008333333333333333
MTHFD2,0.0,0.025,0.0,0.008333333333333333
CCDC18-AS1,0.0,0.025,0.0,0.008333333333333333
POC1A,0.0,0.025,0.0,0.008333333333333333
RAI2,0.0,0.025,0.0,0.008333333333333333
RACGAP1,0.0,0.025,0.0,0.008333333333333333
LRRC59,0.0,0.025,0.0,0.008333333333333333
ADH1B,0.0,0.01,0.015,0.008333333333333333
LGI4,0.0,0.02,0.005,0.008333333333333333
LRP8,0.0,0.0,0.025,0.008333333333333333
ZNF577,0.0,0.02,0.0,0.006666666666666666
ZPR1,0.0,0.005,0.015,0.006666666666666666
VWA1,0.0,0.015,0.005,0.006666666666666666
NBEA,0.0,0.015,0.005,0.006666666666666666
UBAP1L,0.0,0.015,0.005,0.006666666666666666
TTYH3,0.005,0.01,0.005,0.006666666666666666
ARPC5,0.0,0.02,0.0,0.006666666666666666
AMT,0.0,0.015,0.005,0.006666666666666666
ALDH1A1,0.0,0.02,0.0,0.006666666666666666
SH3BGRL2,0.0,0.02,0.0,0.006666666666666666
TPM3,0.0,0.02,0.0,0.006666666666666666
WIPI1,0.01,0.0,0.01,0.006666666666666666
CXCL5,0.0,0.02,0.0,0.006666666666666666
NBPF11,0.0,0.02,0.0,0.006666666666666666
MTMR2,0.0,0.005,0.015,0.006666666666666666
ILF2,0.0,0.0,0.02,0.006666666666666666
COL5A2,0.0,0.0,0.02,0.006666666666666666
MST1,0.0,0.02,0.0,0.006666666666666666
OSMR,0.0,0.005,0.015,0.006666666666666666
TGFBR1,0.0,0.0,0.02,0.006666666666666666
AVEN,0.0,0.015,0.005,0.006666666666666666
CBFA2T3,0.0,0.02,0.0,0.006666666666666666
HMCN2,0.0,0.015,0.005,0.006666666666666666
PHF23,0.0,0.01,0.01,0.006666666666666666
P4HA3,0.0,0.0,0.02,0.006666666666666666
DMD,0.0,0.02,0.0,0.006666666666666666
RAVER2,0.0,0.02,0.0,0.006666666666666666
SEMA6A,0.0,0.015,0.005,0.006666666666666666
HYOU1,0.0,0.02,0.0,0.006666666666666666
MAMDC2,0.0,0.02,0.0,0.006666666666666666
CENPE,0.0,0.005,0.015,0.006666666666666666
ABCA5,0.0,0.015,0.0,0.005
FAM20C,0.0,0.0,0.015,0.005
TNFAIP8L1,0.0,0.0,0.015,0.005
TNXB,0.0,0.015,0.0,0.005
UCK2,0.0,0.0,0.015,0.005
SFRP1,0.0,0.015,0.0,0.005
SHKBP1,0.0,0.005,0.01,0.005
ARPC4,0.0,0.015,0.0,0.005
SLIT3,0.0,0.015,0.0,0.005
GPR161,0.0,0.0,0.015,0.005
GOLGA8N,0.0,0.015,0.0,0.005
STARD9,0.0,0.015,0.0,0.005
ALYREF,0.0,0.0,0.015,0.005
FAM111B,0.0,0.015,0.0,0.005
TOP2A,0.0,0.005,0.01,0.005
SELENOP,0.0,0.005,0.01,0.005
RPN2,0.0,0.015,0.0,0.005
RPN1,0.0,0.015,0.0,0.005
RANBP1,0.0,0.015,0.0,0.005
CALR,0.0,0.01,0.005,0.005
CAB39L,0.0,0.015,0.0,0.005
PCNA,0.0,0.01,0.005,0.005
PAQR4,0.0,0.0,0.015,0.005
PEX1,0.0,0.01,0.005,0.005
PCOLCE2,0.0,0.015,0.0,0.005
IER5L,0.0,0.005,0.01,0.005
PLSCR4,0.0,0.015,0.0,0.005
PI15,0.0,0.01,0.005,0.005
PHTF1,0.0,0.0,0.015,0.005
PLEKHH2,0.0,0.015,0.0,0.005
RNASE4,0.0,0.015,0.0,0.005
MSN,0.0,0.01,0.005,0.005
MRPL17,0.0,0.015,0.0,0.005
KIF4A,0.0,0.015,0.0,0.005
CENPF,0.0,0.0,0.015,0.005
NXPH3,0.0,0.0,0.015,0.005
KIF11,0.0,0.015,0.0,0.005
MMP3,0.0,0.0,0.015,0.005
MAGED1,0.0,0.0,0.015,0.005
COPG1,0.0,0.01,0.005,0.005
MEGF6,0.0,0.015,0.0,0.005
LMAN1,0.0,0.0,0.015,0.005
LINC00265,0.0,0.015,0.0,0.005
CLEC3B,0.0,0.015,0.0,0.005
MIR4435-2HG,0.0,0.015,0.0,0.005
WASH2P,0.0,0.015,0.0,0.005
WDHD1,0.0,0.0,0.015,0.005
LOXL2,0.005,0.0,0.01,0.005
ADGRD1,0.0,0.01,0.005,0.005
ADAM9,0.0,0.005,0.01,0.005
ADAMTS9-AS2,0.0,0.015,0.0,0.005
ZHX2,0.0,0.005,0.01,0.005
ZFP36L2,0.0,0.015,0.0,0.005
ENG,0.0,0.005,0.005,0.003333333333333333
PILRB,0.0,0.005,0.005,0.003333333333333333
MYO5C,0.0,0.01,0.0,0.003333333333333333
PLA2G2A,0.0,0.01,0.0,0.003333333333333333
PLAUR,0.0,0.0,0.01,0.003333333333333333
PLEKHB2,0.0,0.01,0.0,0.003333333333333333
PLK1,0.0,0.01,0.0,0.003333333333333333
CALU,0.0,0.0,0.01,0.003333333333333333
SPC24,0.0,0.01,0.0,0.003333333333333333
MRTFB,0.0,0.005,0.005,0.003333333333333333
MFAP5,0.0,0.0,0.01,0.003333333333333333
HRCT1,0.0,0.0,0.01,0.003333333333333333
CMC2,0.0,0.005,0.005,0.003333333333333333
CCDC146,0.0,0.01,0.0,0.003333333333333333
LINC00893,0.0,0.01,0.0,0.003333333333333333
ARHGDIA,0.0,0.0,0.01,0.003333333333333333
LIMS1,0.0,0.005,0.005,0.003333333333333333
PTGIS,0.0,0.0,0.01,0.003333333333333333
KLHDC1,0.0,0.01,0.0,0.003333333333333333
SKA3,0.0,0.01,0.0,0.003333333333333333
BTNL9,0.0,0.01,0.0,0.003333333333333333
C1orf115,0.0,0.01,0.0,0.003333333333333333
MRNIP,0.0,0.01,0.0,0.003333333333333333
IMMP2L,0.0,0.01,0.0,0.003333333333333333
APLN,0.0,0.01,0.0,0.003333333333333333
APOBEC3B,0.0,0.01,0.0,0.003333333333333333
SURF4,0.0,0.01,0.0,0.003333333333333333
AR,0.0,0.01,0.0,0.003333333333333333
NTN4,0.0,0.01,0.0,0.003333333333333333
P2RY6,0.0,0.0,0.01,0.003333333333333333
TCF7L1,0.0,0.01,0.0,0.003333333333333333
PANX1,0.0,0.005,0.005,0.003333333333333333
CDC45,0.0,0.01,0.0,0.003333333333333333
CDK1,0.0,0.01,0.0,0.003333333333333333
PGM5,0.0,0.01,0.0,0.003333333333333333
CDCA2,0.0,0.01,0.0,0.003333333333333333
KIF20A,0.0,0.01,0.0,0.003333333333333333
CDCA8,0.0,0.01,0.0,0.003333333333333333
PBX1,0.0,0.01,0.0,0.003333333333333333
PCLAF,0.0,0.01,0.0,0.003333333333333333
DDOST,0.0,0.01,0.0,0.003333333333333333
TMEM132A,0.0,0.0,0.01,0.003333333333333333
ICA1,0.0,0.01,0.0,0.003333333333333333
IGSF9B,0.0,0.005,0.005,0.003333333333333333
NCAPG,0.0,0.01,0.0,0.003333333333333333
ST8SIA4,0.0,0.01,0.0,0.003333333333333333
GMNN,0.0,0.0,0.01,0.003333333333333333
HDC,0.0,0.01,0.0,0.003333333333333333
BCL2A1,0.0,0.01,0.0,0.003333333333333333
ABCA8,0.0,0.01,0.0,0.003333333333333333
RBM33,0.0,0.01,0.0,0.003333333333333333
YKT6,0.0,0.01,0.0,0.003333333333333333
LY6G5B,0.0,0.01,0.0,0.003333333333333333
CMA1,0.0,0.01,0.0,0.003333333333333333
LSM12,0.0,0.0,0.01,0.003333333333333333
FAM13A,0.0,0.01,0.0,0.003333333333333333
FAM13A-AS1,0.0,0.0,0.01,0.003333333333333333
FKBP14,0.0,0.0,0.01,0.003333333333333333
ADAM19,0.0,0.005,0.005,0.003333333333333333
ADAMTS9,0.0,0.0,0.01,0.003333333333333333
FHL1,0.0,0.0,0.01,0.003333333333333333
ADCY5,0.0,0.01,0.0,0.003333333333333333
E2F3,0.0,0.01,0.0,0.003333333333333333
DYSF,0.0,0.0,0.01,0.003333333333333333
DPY19L1,0.0,0.0,0.01,0.003333333333333333
TTK,0.0,0.01,0.0,0.003333333333333333
SEC31B,0.0,0.01,0.0,0.003333333333333333
SELENBP1,0.0,0.005,0.005,0.003333333333333333
ZNF37BP,0.0,0.01,0.0,0.003333333333333333
AURKA,0.0,0.01,0.0,0.003333333333333333
RNF125,0.0,0.0,0.01,0.003333333333333333
GSDME,0.0,0.005,0.005,0.003333333333333333
GPT,0.0,0.01,0.0,0.003333333333333333
UBE2T,0.0,0.01,0.0,0.003333333333333333
SH3BP5-AS1,0.0,0.01,0.0,0.003333333333333333
GTSE1,0.0,0.01,0.0,0.003333333333333333
UHRF1,0.0,0.01,0.0,0.003333333333333333
SFXN1,0.0,0.01,0.0,0.003333333333333333
MCEMP1,0.0,0.0,0.01,0.003333333333333333
CCR1,0.0,0.0,0.005,0.0016666666666666666
PTTG1,0.0,0.005,0.0,0.0016666666666666666
ECHDC2,0.0,0.005,0.0,0.0016666666666666666
GMPPA,0.0,0.005,0.0,0.0016666666666666666
EHD4,0.0,0.0,0.005,0.0016666666666666666
RALGAPA1,0.0,0.005,0.0,0.0016666666666666666
GK,0.0,0.005,0.0,0.0016666666666666666
SLC2A6,0.0,0.005,0.0,0.0016666666666666666
EIF4E2,0.0,0.005,0.0,0.0016666666666666666
GIPC2,0.0,0.005,0.0,0.0016666666666666666
GPC3,0.0,0.005,0.0,0.0016666666666666666
PBK,0.0,0.005,0.0,0.0016666666666666666
PRELP,0.0,0.005,0.0,0.0016666666666666666
P4HA2,0.0,0.0,0.005,0.0016666666666666666
STMN1,0.0,0.005,0.0,0.0016666666666666666
P3H4,0.0,0.005,0.0,0.0016666666666666666
RAI14,0.0,0.005,0.0,0.0016666666666666666
STT3A,0.0,0.0,0.005,0.0016666666666666666
SEC61A1,0.0,0.005,0.0,0.0016666666666666666
BUB1,0.0,0.005,0.0,0.0016666666666666666
SYNM,0.0,0.0,0.005,0.0016666666666666666
AURKB,0.0,0.005,0.0,0.0016666666666666666
TBC1D1,0.0,0.005,0.0,0.0016666666666666666
ANK2,0.0,0.005,0.0,0.0016666666666666666
ANLN,0.0,0.005,0.0,0.0016666666666666666
SH3TC1,0.0,0.0,0.005,0.0016666666666666666
SLAMF8,0.0,0.0,0.005,0.0016666666666666666
SND1,0.0,0.0,0.005,0.0016666666666666666
HSPA13,0.0,0.0,0.005,0.0016666666666666666
HMGB3,0.0,0.005,0.0,0.0016666666666666666
CARM1,0.0,0.005,0.0,0.0016666666666666666
BIRC5,0.0,0.005,0.0,0.0016666666666666666
DCST2,0.0,0.005,0.0,0.0016666666666666666
ISM1,0.0,0.005,0.0,0.0016666666666666666
PMM2,0.0,0.0,0.005,0.0016666666666666666
SPINDOC,0.0,0.0,0.005,0.0016666666666666666
HMBS,0.0,0.0,0.005,0.0016666666666666666
GSTM5,0.0,0.005,0.0,0.0016666666666666666
CCL28,0.0,0.005,0.0,0.0016666666666666666
SPRED3,0.0,0.005,0.0,0.0016666666666666666
RBMS3,0.0,0.005,0.0,0.0016666666666666666
GINS2,0.0,0.0,0.005,0.0016666666666666666
PKMYT1,0.0,0.005,0.0,0.0016666666666666666
RECK,0.0,0.005,0.0,0.0016666666666666666
SRA1,0.0,0.005,0.0,0.0016666666666666666
SRM,0.0,0.005,0.0,0.0016666666666666666
POLR3D,0.0,0.005,0.0,0.0016666666666666666
POU6F1,0.0,0.005,0.0,0.0016666666666666666
SSR3,0.0,0.005,0.0,0.0016666666666666666
RGMA,0.0,0.005,0.0,0.0016666666666666666
PDE2A,0.0,0.005,0.0,0.0016666666666666666
STAG3L5P-PVRIG2P-PILRB,0.0,0.005,0.0,0.0016666666666666666
RGS19,0.0,0.0,0.005,0.0016666666666666666
PPP4C,0.0,0.0,0.005,0.0016666666666666666
RHOG,0.0,0.005,0.0,0.0016666666666666666
GFPT2,0.0,0.0,0.005,0.0016666666666666666
ARSJ,0.0,0.0,0.005,0.0016666666666666666
KIF18B,0.0,0.0,0.005,0.0016666666666666666
TMED10,0.0,0.0,0.005,0.0016666666666666666
ZNF697,0.0,0.005,0.0,0.0016666666666666666
LTC4S,0.0,0.005,0.0,0.0016666666666666666
TMEM158,0.0,0.005,0.0,0.0016666666666666666
NANS,0.0,0.0,0.005,0.0016666666666666666
CFL1,0.0,0.005,0.0,0.0016666666666666666
CRELD2,0.0,0.0,0.005,0.0016666666666666666
NACC1,0.0,0.005,0.0,0.0016666666666666666
WDR19,0.0,0.005,0.0,0.0016666666666666666
FTX,0.0,0.005,0.0,0.0016666666666666666
MYBL2,0.0,0.005,0.0,0.0016666666666666666
FHL3,0.0,0.005,0.0,0.0016666666666666666
GALNT16,0.0,0.005,0.0,0.0016666666666666666
AGAP11,0.0,0.0,0.005,0.0016666666666666666
MMP9,0.0,0.0,0.005,0.0016666666666666666
MARCKSL1,0.0,0.005,0.0,0.0016666666666666666
TYMS,0.0,0.005,0.0,0.0016666666666666666
TNFRSF10D,0.0,0.005,0.0,0.0016666666666666666
CLSTN2,0.0,0.005,0.0,0.0016666666666666666
CKAP4,0.0,0.005,0.0,0.0016666666666666666
LMNB1,0.0,0.0,0.005,0.0016666666666666666
CLCN6,0.0,0.005,0.0,0.0016666666666666666
LINC01089,0.0,0.005,0.0,0.0016666666666666666
TRIM59,0.0,0.005,0.0,0.0016666666666666666
LEPR,0.0,0.005,0.0,0.0016666666666666666
USB1,0.0,0.0,0.005,0.0016666666666666666
THY1,0.0,0.0,0.005,0.0016666666666666666
CENPN,0.0,0.005,0.0,0.0016666666666666666
AQP1,0.0,0.005,0.0,0.0016666666666666666
FAM83D,0.0,0.0,0.005,0.0016666666666666666
NUSAP1,0.0,0.005,0.0,0.0016666666666666666
VSIG10,0.0,0.0,0.005,0.0016666666666666666
ACCS,0.0,0.005,0.0,0.0016666666666666666
ACACB,0.0,0.005,0.0,0.0016666666666666666
NTMT1,0.0,0.005,0.0,0.0016666666666666666
CDKN3,0.0,0.005,0.0,0.0016666666666666666
NEGR1,0.0,0.005,0.0,0.0016666666666666666
KLF8,0.0,0.005,0.0,0.0016666666666666666
LMNB2,0.0,0.0,0.005,0.0016666666666666666
TEAD4,0.0,0.005,0.0,0.0016666666666666666
TXNDC5,0.0,0.005,0.0,0.0016666666666666666
KIFC1,0.0,0.005,0.0,0.0016666666666666666
INHBA,0.0,0.005,0.0,0.0016666666666666666
SHC2,0.0,0.0,0.0,0.0
UBE2C,0.0,0.0,0.0,0.0
ZDHHC16,0.0,0.0,0.0,0.0
TSPOAP1,0.0,0.0,0.0,0.0
SEZ6L2,0.0,0.0,0.0,0.0
SHCBP1,0.0,0.0,0.0,0.0
TSPAN17,0.0,0.0,0.0,0.0
ABRACL,0.0,0.0,0.0,0.0
SHMT2,0.0,0.0,0.0,0.0
SIGLEC9,0.0,0.0,0.0,0.0
SKA1,0.0,0.0,0.0,0.0
DPM2,0.0,0.0,0.0,0.0
TRPV2,0.0,0.0,0.0,0.0
TROAP,0.0,0.0,0.0,0.0
SLC11A1,0.0,0.0,0.0,0.0
SLC16A3,0.0,0.0,0.0,0.0
TRIP13,0.0,0.0,0.0,0.0
SLC39A14,0.0,0.0,0.0,0.0
DTYMK,0.0,0.0,0.0,0.0
ADAM8,0.0,0.0,0.0,0.0
GPR4,0.0,0.0,0.0,0.0
ADAM33,0.0,0.0,0.0,0.0
GPR84,0.0,0.0,0.0,0.0
ZWINT,0.0,0.0,0.0,0.0
B4GALT1,0.0,0.0,0.0,0.0
ZNF251,0.0,0.0,0.0,0.0
ADGRE2,0.0,0.0,0.0,0.0
BATF3,0.0,0.0,0.0,0.0
ZNF281,0.0,0.0,0.0,0.0
EHD3,0.0,0.0,0.0,0.0
YIF1B,0.0,0.0,0.0,0.0
UBE2S,0.0,0.0,0.0,0.0
BCAR1,0.0,0.0,0.0,0.0
YIF1A,0.0,0.0,0.0,0.0
BCAT1,0.0,0.0,0.0,0.0
ABI3,0.0,0.0,0.0,0.0
BID,0.0,0.0,0.0,0.0
EDEM2,0.0,0.0,0.0,0.0
VMO1,0.0,0.0,0.0,0.0
VASP,0.0,0.0,0.0,0.0
E2F1,0.0,0.0,0.0,0.0
DYNLT1,0.0,0.0,0.0,0.0
BMP1,0.0,0.0,0.0,0.0
SERPINH1,0.0,0.0,0.0,0.0
BAX,0.0,0.0,0.0,0.0
FSCN1,0.0,0.0,0.0,0.0
FOXM1,0.0,0.0,0.0,0.0
FNDC3B,0.0,0.0,0.0,0.0
TMEM208,0.0,0.0,0.0,0.0
STARD3NL,0.0,0.0,0.0,0.0
STEAP1,0.0,0.0,0.0,0.0
GBGT1,0.0,0.0,0.0,0.0
TMEM104,0.0,0.0,0.0,0.0
GINS1,0.0,0.0,0.0,0.0
TMED9,0.0,0.0,0.0,0.0
TMED1,0.0,0.0,0.0,0.0
TMCO3,0.0,0.0,0.0,0.0
TK1,0.0,0.0,0.0,0.0
TIMP1,0.0,0.0,0.0,0.0
LRR1,0.0,0.0,0.0,0.0
GNAI2,0.0,0.0,0.0,0.0
GOLGA8R,0.0,0.0,0.0,0.0
TIMM17A,0.0,0.0,0.0,0.0
DOK3,0.0,0.0,0.0,0.0
STIL,0.0,0.0,0.0,0.0
TGM2,0.0,0.0,0.0,0.0
TGFBI,0.0,0.0,0.0,0.0
TGFB1,0.0,0.0,0.0,0.0
ARCN1,0.0,0.0,0.0,0.0
SV2A,0.0,0.0,0.0,0.0
TACC3,0.0,0.0,0.0,0.0
APBA2,0.0,0.0,0.0,0.0
ANGPT2,0.0,0.0,0.0,0.0
AP5S1,0.0,0.0,0.0,0.0
AP2M1,0.0,0.0,0.0,0.0
GLA,0.0,0.0,0.0,0.0
ARHGAP11A,0.0,0.0,0.0,0.0
TRIM2,0.0,0.0,0.0,0.0
TREM1,0.0,0.0,0.0,0.0
ARMC9,0.0,0.0,0.0,0.0
ARPC1B,0.0,0.0,0.0,0.0
ARSB,0.0,0.0,0.0,0.0
TPX2,0.0,0.0,0.0,0.0
TOMM40,0.0,0.0,0.0,0.0
ASF1B,0.0,0.0,0.0,0.0
ASPM,0.0,0.0,0.0,0.0
TNPO1,0.0,0.0,0.0,0.0
ATAD2,0.0,0.0,0.0,0.0
SLC39A7,0.0,0.0,0.0,0.0
TMOD1,0.0,0.0,0.0,0.0
SNAI2,0.0,0.0,0.0,0.0
SSR1,0.0,0.0,0.0,0.0
AKIP1,0.0,0.0,0.0,0.0
SNRPB,0.0,0.0,0.0,0.0
SNRPB2,0.0,0.0,0.0,0.0
SPAG5,0.0,0.0,0.0,0.0
AHSA2P,0.0,0.0,0.0,0.0
AGAP2-AS1,0.0,0.0,0.0,0.0
GALNT2,0.0,0.0,0.0,0.0
SPP1,0.0,0.0,0.0,0.0
FXYD5,0.0,0.0,0.0,0.0
FXYD1,0.0,0.0,0.0,0.0
EXO1,0.0,0.0,0.0,0.0
SPTBN1,0.0,0.0,0.0,0.0
EVA1A,0.0,0.0,0.0,0.0
EPHX1,0.0,0.0,0.0,0.0
EMILIN1,0.0,0.0,0.0,0.0
ALPL,0.0,0.0,0.0,0.0
CTSB,0.0,0.0,0.0,0.0
CTC-338M12.4,0.0,0.0,0.0,0.0
NECTIN2,0.0,0.0,0.0,0.0
NDC80,0.0,0.0,0.0,0.0
NCLN,0.0,0.0,0.0,0.0
CIP2A,0.0,0.0,0.0,0.0
CIAO2A,0.0,0.0,0.0,0.0
CHST15,0.0,0.0,0.0,0.0
CHST11,0.0,0.0,0.0,0.0
CHRDL1,0.0,0.0,0.0,0.0
LPCAT1,0.0,0.0,0.0,0.0
CHEK1,0.0,0.0,0.0,0.0
MYO1G,0.0,0.0,0.0,0.0
MYO15B,0.0,0.0,0.0,0.0
MYDGF,0.0,0.0,0.0,0.0
MTURN,0.0,0.0,0.0,0.0
MTFP1,0.0,0.0,0.0,0.0
MSX2,0.0,0.0,0.0,0.0
MSC,0.0,0.0,0.0,0.0
MS4A2,0.0,0.0,0.0,0.0
MPDU1,0.0,0.0,0.0,0.0
CHPF2,0.0,0.0,0.0,0.0
ITGAX,0.0,0.0,0.0,0.0
ITGA5,0.0,0.0,0.0,0.0
ITGA4,0.0,0.0,0.0,0.0
IL7R,0.0,0.0,0.0,0.0
OSM,0.0,0.0,0.0,0.0
ORC1,0.0,0.0,0.0,0.0
ORAI2,0.0,0.0,0.0,0.0
OLFML2B,0.0,0.0,0.0,0.0
OIP5,0.0,0.0,0.0,0.0
NUF2,0.0,0.0,0.0,0.0
CTSL,0.0,0.0,0.0,0.0
NSUN5P1,0.0,0.0,0.0,0.0
NRIP3,0.0,0.0,0.0,0.0
NOXA1,0.0,0.0,0.0,0.0
NME1,0.0,0.0,0.0,0.0
CENPO,0.0,0.0,0.0,0.0
CENPK,0.0,0.0,0.0,0.0
CENPA,0.0,0.0,0.0,0.0
KIF2C,0.0,0.0,0.0,0.0
CXCL6,0.0,0.0,0.0,0.0
CXCL3,0.0,0.0,0.0,0.0
CXCL1,0.0,0.0,0.0,0.0
NT5DC2,0.0,0.0,0.0,0.0
CRY2,0.0,0.0,0.0,0.0
CREBZF,0.0,0.0,0.0,0.0
CPED1,0.0,0.0,0.0,0.0
CPE,0.0,0.0,0.0,0.0
COTL1,0.0,0.0,0.0,0.0
COLGALT1,0.0,0.0,0.0,0.0
COL6A3,0.0,0.0,0.0,0.0
LXN,0.0,0.0,0.0,0.0
LRRN4CL,0.0,0.0,0.0,0.0
ZFPM2,0.0,0.0,0.0,0.0
MMP14,0.0,0.0,0.0,0.0
FN1,0.0,0.0,0.0,0.0
FMNL3,0.0,0.0,0.0,0.0
FKBP11,0.0,0.0,0.0,0.0
FKBP10,0.0,0.0,0.0,0.0
FCGR1A,0.0,0.0,0.0,0.0
FBXO5,0.0,0.0,0.0,0.0
FAP,0.0,0.0,0.0,0.0
FAM167B,0.0,0.0,0.0,0.0
TUBA1B,0.0,0.0,0.0,0.0
ZYX,0.0,0.0,0.0,0.0
TUSC3,0.0,0.0,0.0,0.0
TUBB,0.0,0.0,0.0,0.0
COL15A1,0.0,0.0,0.0,0.0
COL10A1,0.0,0.0,0.0,0.0
CNTFR,0.0,0.0,0.0,0.0
CLIC1,0.0,0.0,0.0,0.0
CLEC5A,0.0,0.0,0.0,0.0
LINC01614,0.0,0.0,0.0,0.0
LIMS2,0.0,0.0,0.0,0.0
LHFPL2,0.0,0.0,0.0,0.0
LAYN,0.0,0.0,0.0,0.0
LAMB1,0.0,0.0,0.0,0.0
CSAD,0.0,0.0,0.0,0.0
CKS2,0.0,0.0,0.0,0.0
MMP13,0.0,0.0,0.0,0.0
MGAT2,0.0,0.0,0.0,0.0
MCM6,0.0,0.0,0.0,0.0
MCM10,0.0,0.0,0.0,0.0
MAPKAPK2,0.0,0.0,0.0,0.0
MAP4K4,0.0,0.0,0.0,0.0
MAP1S,0.0,0.0,0.0,0.0
MAN2C1,0.0,0.0,0.0,0.0
MAD2L1,0.0,0.0,0.0,0.0
LZTS1,0.0,0.0,0.0,0.0
KNL1,0.0,0.0,0.0,0.0
HERC2P9,0.0,0.0,0.0,0.0
HAUS1,0.0,0.0,0.0,0.0
GSDMB,0.0,0.0,0.0,0.0
GREM1,0.0,0.0,0.0,0.0
GPX8,0.0,0.0,0.0,0.0
RAD54L,0.0,0.0,0.0,0.0
RAD51AP1,0.0,0.0,0.0,0.0
RAD51,0.0,0.0,0.0,0.0
C7,0.0,0.0,0.0,0.0
C4orf48,0.0,0.0,0.0,0.0
ITGB3,0.0,0.0,0.0,0.0
BYSL,0.0,0.0,0.0,0.0
BUB1B,0.0,0.0,0.0,0.0
BOLA2B,0.0,0.0,0.0,0.0
RAB27A,0.0,0.0,0.0,0.0
RAB13,0.0,0.0,0.0,0.0
PYCR1,0.0,0.0,0.0,0.0
PSRC1,0.0,0.0,0.0,0.0
PSMB2,0.0,0.0,0.0,0.0
PRR16,0.0,0.0,0.0,0.0
PRC1,0.0,0.0,0.0,0.0
C11orf24,0.0,0.0,0.0,0.0
ATAD3A,0.0,0.0,0.0,0.0
SEMA6B,0.0,0.0,0.0,0.0
SEC13,0.0,0.0,0.0,0.0
SDF2L1,0.0,0.0,0.0,0.0
SCN4B,0.0,0.0,0.0,0.0
SCG5,0.0,0.0,0.0,0.0
SBSPON,0.0,0.0,0.0,0.0
SAE1,0.0,0.0,0.0,0.0
S1PR3,0.0,0.0,0.0,0.0
RUVBL1,0.0,0.0,0.0,0.0
HJURP,0.0,0.0,0.0,0.0
RUNX1T1,0.0,0.0,0.0,0.0
RRP7BP,0.0,0.0,0.0,0.0
RRBP1,0.0,0.0,0.0,0.0
RIT1,0.0,0.0,0.0,0.0
RGS3,0.0,0.0,0.0,0.0
RFLNB,0.0,0.0,0.0,0.0
REV3L,0.0,0.0,0.0,0.0
RCAN2,0.0,0.0,0.0,0.0
RASGRP3,0.0,0.0,0.0,0.0
RAPGEF3,0.0,0.0,0.0,0.0
HK3,0.0,0.0,0.0,0.0
RUNX2,0.0,0.0,0.0,0.0
IFI30,0.0,0.0,0.0,0.0
DNHD1,0.0,0.0,0.0,0.0
DNAJC15,0.0,0.0,0.0,0.0
DNAJB11,0.0,0.0,0.0,0.0
DNAH1,0.0,0.0,0.0,0.0
PCMTD1,0.0,0.0,0.0,0.0
CDH11,0.0,0.0,0.0,0.0
CDCA5,0.0,0.0,0.0,0.0
CDCA3,0.0,0.0,0.0,0.0
CDC7,0.0,0.0,0.0,0.0
PPP1R18,0.0,0.0,0.0,0.0
CDC25A,0.0,0.0,0.0,0.0
CD93,0.0,0.0,0.0,0.0
CCT2,0.0,0.0,0.0,0.0
CCNB2,0.0,0.0,0.0,0.0
PAPSS2,0.0,0.0,0.0,0.0
P4HA1,0.0,0.0,0.0,0.0
P3H1,0.0,0.0,0.0,0.0
OSTC,0.0,0.0,0.0,0.0
KDELR2,0.0,0.0,0.0,0.0
KDELR1,0.0,0.0,0.0,0.0
ITIH5,0.0,0.0,0.0,0.0
CDC6,0.0,0.0,0.0,0.0
PPM1G,0.0,0.0,0.0,0.0
PPIB,0.0,0.0,0.0,0.0
POLE2,0.0,0.0,0.0,0.0
POGZ,0.0,0.0,0.0,0.0
CCNA2,0.0,0.0,0.0,0.0
CAVIN2,0.0,0.0,0.0,0.0
CYTOR,0.0,0.0,0.0,0.0
HSP90B1,0.0,0.0,0.0,0.0
HS3ST3B1,0.0,0.0,0.0,0.0
HPRT1,0.0,0.0,0.0,0.0
IKBIP,0.0,0.0,0.0,0.0
HMMR,0.0,0.0,0.0,0.0
CANT1,0.0,0.0,0.0,0.0
PLOD3,0.0,0.0,0.0,0.0
PLOD1,0.0,0.0,0.0,0.0
PLAU,0.0,0.0,0.0,0.0
PIMREG,0.0,0.0,0.0,0.0
PHF19,0.0,0.0,0.0,0.0
PHC2,0.0,0.0,0.0,0.0
PDPN,0.0,0.0,0.0,0.0
PDIA4,0.0,0.0,0.0,0.0
PDIA3,0.0,0.0,0.0,0.0
HPGDS,0.0,0.0,0.0,0.0
