Gene,MeanDecreaseGini
FAHD2B,0.02430991259941897
CACHD1,0.022289593106318804
NFIX,0.020099546485260737
DEPTOR,0.01944501887825266
BBS2,0.01909954648526075
NDRG2,0.018427594202158646
FAAH,0.017264691966145253
PHKA2,0.016218413081527754
PHYHD1,0.015200904662491284
FBXW4,0.01475344860006964
GRTP1,0.014745699740719641
ARSI,0.013705533314481278
GPD1L,0.013193738585523451
LETMD1,0.012897708480982737
GFRA1,0.01111885211011577
NFIA,0.009897708480982743
LRIG3,0.009661801274476411
PI16,0.009646536217903965
GALT,0.009601601715357802
PARD3B,0.009413067605878612
SLC25A29,0.00930129934038293
PLP1,0.00908252942718943
GSTM2,0.008916334661354566
ZBTB44,0.00889559600278831
TACR1,0.0088781013096278
TBC1D8,0.008605216783401887
CBX7,0.007838659091644069
CFD,0.007832060561470712
F10,0.007788255725828724
PAN2,0.007779324296381016
SETD6,0.007742398992048902
SDHAP3,0.0077322857142857054
WNT11,0.007561921237596084
LINC01605,0.007099546485260764
TFDP2,0.006982745946111453
APOD,0.006930612902085581
LINC00174,0.006884224547033965
TP73-AS1,0.00665593645268933
EGFR,0.006164953514860154
UVSSA,0.005999999999999993
SCUBE2,0.005998818951767327
KYNU,0.00591666666666666
PDE9A,0.00581995352683028
EIF4EBP3,0.005735942202310189
BOC,0.005647063123776615
SLC16A14,0.00562772624201195
FRZB,0.005586188454508594
CX3CL1,0.005581731568454937
TAF1,0.00510076992753623
MBOAT1,0.0049956389998148205
HOXC12,0.00498170873565097
PLCB4,0.00491668248244448
MST1P2,0.004900453514739226
CECR7,0.004897708480982748
N4BP2L1,0.004876658417078496
LIFR,0.0048333649648889645
ADCY2,0.0048317939503182495
GTF2IRD2B,0.004799202190005794
GPRASP1,0.004795416961965504
WNT5A,0.004785980220667646
NMNAT3,0.00474442064841794
FBXO44,0.00474416325261593
PHKG1,0.004714300128056219
ZSCAN18,0.00460532318094261
FAN1,0.004532427681225691
TMEM116,0.004493841279005823
MTERF2,0.004099932325738777
CLU,0.00401732094639193
ARHGEF26,0.00400256456373675
CEP55,0.003999999999999997
MIR29B2CHG,0.0039565397203856914
LINC01315,0.003930487881294328
SYNE2,0.003908779817234543
ZNF704,0.003852834467120176
ALDH5A1,0.0038314179729430783
MAOB,0.003810564814063311
NDUFA6-DT,0.003790090090090086
FBLN5,0.0037637924195567905
MYLIP,0.0037534670142957537
CDC20,0.003701401382037804
PFN1,0.003693569191994457
ILF3-DT,0.0036632083069002104
TMEM8B,0.003633596100187833
AMY2B,0.0035641035856573675
SEMA6A,0.003519416174933308
TAPT1-AS1,0.0031616686784898844
AKAP1,0.003097664480222618
LYRM9,0.0030873015873015834
GTF2IP20,0.003031289576855324
NEIL1,0.003026576576576574
CYP4X1,0.0030209027408653025
ACADSB,0.002999999999999997
FAM180B,0.0029999999999999953
HIF3A,0.0029999999999999944
CEP68,0.0029971862175764558
KAT2A,0.0029322530064442784
GUSBP11,0.0029166824824444822
SVEP1,0.0029166666666666655
IL11RA,0.002915619047619045
SLC29A1,0.0029155121951219484
CNNM3,0.002914331146889283
PLA2G6,0.0029004535147392242
ABCA9,0.0028961849710982613
TCF7L2,0.0028300339008461126
L3MBTL1,0.002826891846105312
DLGAP5,0.0027969385534465196
ADRA2C,0.0027478137251854824
ARHGAP12,0.0027373102508942548
CDON,0.0027141350766357163
TSPAN8,0.0026649860908519066
FAM117A,0.0026579242912142397
HDAC11,0.0025838227453053087
SLC22A5,0.002556763632971106
D2HGDH,0.0022521862748145142
PGF,0.0022319642857142876
SERTAD4,0.0021750323129430264
COL4A6,0.0021723443047692147
CEP95,0.002148386008274074
TMEM198B,0.0021188870151770656
HLF,0.002117026085410424
RBL2,0.0021032929929557962
INMT,0.0021022915190172485
LRIG2,0.002099526066350708
RRAGB,0.002085478294275835
NBPF11,0.0020843809523809517
CHD6,0.002083333333333331
NSUN5P2,0.002004547548312254
POLR2J4,0.0020000000000000018
RPN2,0.0020000000000000005
EZH1,0.001999999999999999
OVGP1,0.001999999999999999
DNMBP,0.001999999999999999
STEAP1B,0.0019999999999999987
NBPF12,0.0019999999999999983
NETO2,0.001999999999999998
HYOU1,0.001999999999999998
VIT,0.0019999999999999974
MYO15B,0.0019999999999999974
NTRK2,0.0019999999999999974
MST1,0.001999911075969303
PPOX,0.0019994755389527354
ACTB,0.001983665338645418
ALDH3A2,0.0019233175175555131
CRACR2B,0.0019166666666666683
MATN2,0.0019163346613545811
NPY1R,0.0019156190476190477
VIPR1,0.001915512195121952
BCL2,0.001912698412698414
LGI4,0.0019004739336492885
PRR11,0.001900473933649287
ACBD4,0.0019
ENTPD7,0.0018999999999999985
DNAJB11,0.0018999999999999974
CILP,0.0018961849710982647
MYRIP,0.0018656012859339232
FAXDC2,0.0018574358974358994
GLDN,0.0018500976937490584
GIGYF1,0.0018397225264695123
FAM107A,0.0018261455015572024
ICA1,0.0018216485669222205
SSBP2,0.0018167556888455923
NR3C2,0.0018123164934019406
PKM,0.0018098493750667655
IQCN,0.001806482116983145
HECTD4,0.00180046296296296
CLDN11,0.0017692307692307712
FN3K,0.0017523001826099146
CALR,0.001723809523809524
RAN,0.0017238095238095224
PLEKHA7,0.0015752630278019588
OGA,0.0014967403101507045
LINC01133,0.0014355272436504234
CALCOCO1,0.0013761639765240035
SH3BP5-AS1,0.0012330277205397251
TLR3,0.001200904662491303
ZFP36L2,0.0011954291044776117
THRA,0.001184380952380954
HRCT1,0.0011842379958246342
FAHD2CP,0.0011835976643841998
PNPLA7,0.0011689856011651866
SLC25A23,0.0011618767529622018
SH3BGRL2,0.001150142956556319
VPS13D,0.0011250742721330927
RAD51-AS1,0.0011137476999546
LRP5,0.0011060926840743353
CCDC191,0.0011022915190172476
CTSF,0.001100904662491302
PPP1R1B,0.0011007699275362372
SEC31B,0.0010873015873015892
PALM,0.0010873015873015888
MRNIP,0.0010856688531107159
TLE2,0.001085668853110715
PLAC9,0.0010856688531107122
WASH2P,0.001084487804878049
PARP16,0.0010843809523809545
TBX18,0.0010837182448036997
AQP1,0.0010837182448036966
MPV17L,0.001083718244803695
RNPC3,0.0010837182448036947
PLSCR4,0.0010837024290258777
GSN,0.00105923076923077
ISM1,0.0010505477696046825
ATP6V0E2,0.00104761904761905
ADGRD1,0.001030245141118718
SCARB1,0.0010233830845771167
GPIHBP1,0.001017452409980718
WDR19,0.0010126984126984158
THBS4,0.0010003320053120872
HMGB3,0.001000000000000004
UBE2C,0.0010000000000000035
MYO5C,0.0010000000000000035
CCT5,0.0010000000000000033
LINC00894,0.0010000000000000022
PCLAF,0.001000000000000002
CLSTN2,0.0010000000000000015
SPRY1,0.0010000000000000013
KIF11,0.0010000000000000013
POC1A,0.0010000000000000013
GAPDH,0.0010000000000000013
RACGAP1,0.001000000000000001
SPDYE18,0.001000000000000001
GSTO1,0.001000000000000001
CKAP2L,0.001000000000000001
RAVER2,0.0010000000000000005
ZNF862,0.0010000000000000002
CLCN6,0.0010000000000000002
KPNA2,0.0010000000000000002
PLEKHH1,0.001
PDIA6,0.001
FAM13A,0.001
SLC52A2,0.0009999999999999998
UBE2S,0.0009999999999999998
HOXC-AS1,0.0009999999999999998
SLC25A4,0.0009999999999999996
NTMT1,0.0009999999999999996
TGFBR3,0.0009999999999999996
TMEM147-AS1,0.0009999999999999996
HSF4,0.0009999999999999994
LRRC59,0.0009999999999999994
PPIEL,0.0009999999999999992
RNASE4,0.000999999999999999
HDC,0.000999999999999999
RGS19,0.000999999999999999
PODN,0.000999999999999999
ANGPTL1,0.0009999999999999987
HSPA5,0.0009999999999999987
NPIPB13,0.0009999999999999987
RUVBL1,0.0009999999999999985
SLC25A27,0.0009999999999999985
CDC6,0.0009999999999999983
AMOT,0.000999999999999998
ADAMTS9-AS2,0.000999999999999998
NISCH,0.0009999999999999976
IMMP2L,0.0009996679946879161
XPNPEP2,0.0009960159302539265
TPM4,0.0009873015873015844
HM13,0.0009856688531107145
CGNL1,0.000978952435200265
DHRS3,0.0009697548588812807
CMA1,0.0009526077097505673
MTHFD2,0.0009407534149914123
CYP4F12,0.0009226106472170123
N4BP2L2,0.0009173719212290348
AHNAK,0.0009166824824444876
GLIPR1,0.0009166666666666683
IL1B,0.0009166666666666681
TCF7L1,0.0009166666666666647
OSR2,0.0009163346613545793
AGAP4,0.0009162817551963038
SFI1,0.0009162817551963033
MFSD4A,0.0009156190476190479
ANKZF1,0.000915619047619047
ZNF37BP,0.0009156190476190461
AASS,0.0009155121951219507
SPHK1,0.0009145217057241636
NBEA,0.0009143311468892857
KANTR,0.0009143311468892856
NFIB,0.0009126984126984108
TNFRSF12A,0.0009004739336492888
ACCS,0.0009004535147392308
SAE1,0.0009004535147392288
WDR1,0.0009000000000000004
CYBRD1,0.0008999999999999985
UGDH,0.0008990953375087021
MCF2L,0.0008979452054794512
FAM111B,0.0008957930367504846
FRY,0.0008939073159256663
RPN1,0.0008900900900900883
LMAN1,0.0008877817921794502
PCNA,0.0008860895202358624
FAM13A-AS1,0.0008860895202358615
TTYH3,0.0008826504245108938
LTBP4,0.0008811129848229335
TMEM50B,0.0008802069059772308
TRIP13,0.0008749257278669041
NRN1,0.0008397225264695144
ZNF577,0.0008347721154738686
CDH11,0.0008182216571076952
ITGAV,0.0008172371099840944
SFXN1,0.0008105887730974623
PCMTD1,0.0008098493750667662
MELK,0.0008074369189907025
RUNX2,0.0003328546969667894
SNAI1,0.0003290495451211753
C4orf48,0.00032562611461462945
RGS3,0.0003248112806733512
PRSS23,0.0003149141316452765
TMEM220,0.00028621895665897196
SFRP1,0.0002727272727272736
C1orf115,0.0002696221963080847
RECK,0.00025985768500948875
COL4A2,0.00025179614775203433
COL4A1,0.0002516949152542391
ITGA5,0.0002462009803921606
SLC39A14,0.0002456688531107169
TRPV2,0.00024373156342183093
MSANTD3,0.00024333333333334068
TRIM2,0.00018448780487805296
NIPA2,0.00017316106005296734
CAPN3,0.0001710198321052837
RAI14,0.00016985924665679038
THY1,0.000168868757259004
GTF2IRD2,0.00016680621624357283
ZNF281,0.00016666666666666766
TBC1D1,0.0001659413983173786
CHST11,0.00016594139831737723
SLC20A1,0.00016522788452613297
IKBIP,0.00016522788452613018
LHFPL2,0.00016286764705882514
FMNL3,0.000161491841491844
RFLNB,0.00016122840690979118
SERPINE1,0.00016039823008850014
SULF1,0.00016039823008849756
FN1,0.00016039823008849713
ARSJ,0.00016027747353048705
NID2,0.00016027747353048667
PDZD2,0.00015963636363636332
FNDC3B,0.0001507346963302312
TSPOAP1,0.00013095238095238088
ADH1B,0.00012507427213309593
RALGAPA1,0.00011391047976413819
RAI2,0.00010609268407433547
ASH1L,0.00010420696324951669
SBSPON,0.00010229151901724658
PEX1,0.0001020547945205502
RGMA,0.00010090466249130309
SYT15,0.00010076992753623315
GALE,0.00010000000000000307
MEGF6,9.954648526077236e-05
CPED1,9.9546485260772e-05
CANT1,9.952606635071343e-05
FKBP10,9.21708956842346e-05
IFI30,9.17142471788887e-05
CDC25A,9.13695299837968e-05
OSR1,9.136952998379517e-05
SERPINH1,8.892850069321004e-05
RAPGEF3,8.892850069320977e-05
TMEM25,8.730158730158899e-05
CYTL1,8.730158730158891e-05
P3H1,8.730158730158808e-05
P4HA2,8.698190309398794e-05
APLN,8.566885311071894e-05
HSPA13,8.566885311071692e-05
POU6F1,8.566885311071495e-05
OIP5,8.566885311071432e-05
CTC-338M12.4,8.566885311071415e-05
NOXA1,8.566885311071405e-05
ABCA8,8.566885311071389e-05
SELENOP,8.566885311071347e-05
IL7R,8.547829427583849e-05
NEGR1,8.547829427583823e-05
PPIP5K1,8.547829427583577e-05
CRELD2,8.44878048780511e-05
ABCA5,8.448780487805081e-05
PRR16,8.448780487805057e-05
CHSY3,8.448780487804928e-05
KIF23,8.448780487804913e-05
MAMDC2,8.448780487804851e-05
LRRN4CL,8.438095238095577e-05
EVA1A,8.438095238095448e-05
LOXL2,8.438095238095425e-05
MBTD1,8.438095238095417e-05
SLC16A3,8.438095238095409e-05
ADAMTS12,8.438095238095404e-05
STARD3NL,8.438095238095386e-05
LSM12,8.438095238095367e-05
CAVIN2,8.42438060495559e-05
NTN4,8.371824480370018e-05
EDEM2,8.371824480369683e-05
ASPM,8.371824480369576e-05
ZNF469,8.371824480369474e-05
RIT1,8.366533864542242e-05
SACS,8.36653386454216e-05
CTSB,8.366533864542027e-05
MS4A2,8.366533864541948e-05
BATF3,8.366533864541942e-05
SURF4,8.366533864541917e-05
CXCL5,8.366533864541791e-05
NECTIN2,8.333333333333695e-05
LIMS1,8.333333333333565e-05
CHST1,8.333333333333562e-05
MMP13,8.333333333333517e-05
SH3TC1,8.33333333333338e-05
CCL28,8.331751755551657e-05
MIR4435-2HG,8.331751755551635e-05
ABCA3,8.331751755551596e-05
DDOST,8.331751755551593e-05
ITGB3,8.331751755551532e-05
MKI67,8.331751755551463e-05
TGFBI,8.331751755551443e-05
ARPC4,8.331751755551392e-05
COL10A1,8.331751755551388e-05
FAM20C,8.331751755551337e-05
FAP,8.331751755551251e-05
GSTM5,8.314087759815244e-05
KDELR2,7.700403661379526e-05
SRM,6.557377049180323e-05
CGAS,5.609966602874641e-05
RCC1,5.37761128547827e-05
SNRPG,5.350690565243643e-05
CXCL6,5.044091710758372e-05
MYO1G,4.7619047619049904e-05
STT3A,4.7619047619049796e-05
P4HA1,4.761904761904898e-05
GPR84,4.751082251082326e-05
CYP4B1,3.4426229508197256e-05
CENPK,7.454025085693115e-18
CAPZB,5.9279998578315504e-18
LIMS2,5.34297265300471e-18
PSMB2,5.331339430243676e-18
PHTF1,5.2349704923442975e-18
CMC2,4.773959005888164e-18
SSR1,4.75075374223834e-18
ALDH1A1,4.5344086048003585e-18
CASTOR3,4.440892098500618e-18
FKBP11,4.4346169248831736e-18
MGAT2,4.343392483388178e-18
E2F1,4.258348628418227e-18
DNAH1,4.199539267060368e-18
GLMP,4.029044040263511e-18
FSCN1,4.0098646930634014e-18
CCR1,3.9620929142664645e-18
LZTS1,3.933483263460936e-18
RANBP1,3.927591981006287e-18
ANLN,3.838953517695687e-18
PHF23,3.761038703276121e-18
AGAP11,3.732676658717374e-18
PLAUR,3.624001683539582e-18
EHD3,3.5357150487583886e-18
ARCN1,3.526865516426421e-18
RNF125,3.506202713215639e-18
GBGT1,3.455569164145795e-18
PLOD3,3.441534660040898e-18
PI15,3.4320372630803687e-18
SSR3,3.4197775079906162e-18
SIGLEC9,3.2810520128435894e-18
CDCA5,3.271009470793458e-18
MAN2C1,3.2036889032815394e-18
SRA1,3.1897429314307856e-18
CCNB2,3.182577170620378e-18
AKIP1,3.124092515823948e-18
KIF20A,3.1181007432796158e-18
PLA2G2A,3.089603435735784e-18
GTSE1,3.0700080159199948e-18
COL5A2,3.0326618409497677e-18
SELENBP1,3.0243351682650765e-18
HS3ST3B1,2.99760216648792e-18
GPR4,2.9353036494313173e-18
CKAP4,2.9192952980670394e-18
PTTG1,2.8827750076238727e-18
TNPO1,2.8733759281603442e-18
GIPC2,2.8503545095743837e-18
RAD54L,2.843845643598822e-18
CCNA2,2.833562323855821e-18
DCLK1,2.825415306858803e-18
ZHX2,2.8056074835219758e-18
MFAP4,2.800381726270336e-18
PHF19,2.7954813843688275e-18
ZWINT,2.771455176666087e-18
MARCKS,2.7660589907446777e-18
PANX1,2.7521086769048108e-18
GPR161,2.7456298104642963e-18
MCEMP1,2.7453587483580906e-18
CTSL,2.7309526548200194e-18
ARPC5,2.7139912257782478e-18
CDCA2,2.698789012704019e-18
UBE2T,2.6507967133106962e-18
TMOD1,2.6486343666760737e-18
NRP2,2.635572919327539e-18
HIF1A,2.601720009022897e-18
ARSB,2.5921658741208467e-18
GREM1,2.588701159553498e-18
HYAL2,2.573345172852914e-18
GNAI2,2.471556925789462e-18
CD300E,2.4668376503294005e-18
NT5DC2,2.4643318862071317e-18
BCL2A1,2.445370223875835e-18
EMILIN1,2.442490654175338e-18
B4GALT1,2.4328365409177315e-18
TRIM59,2.420330076015827e-18
BOLA2B,2.4175008815987712e-18
CENPO,2.3885153845987035e-18
FHL3,2.3832859251997758e-18
CDC7,2.3797389180008763e-18
RBM33,2.3724020998712886e-18
MMP14,2.364686010904006e-18
NCAPG,2.3628759767515636e-18
PPIL1,2.36280957585296e-18
AGAP2-AS1,2.362209080769953e-18
RPL26L1,2.3605695661629985e-18
TTK,2.3546985617389494e-18
AVEN,2.3429097373180906e-18
TXNDC5,2.290566145396392e-18
UBAP1L,2.270916595559668e-18
MMP1,2.24079155629919e-18
TMEM132A,2.2270251486554965e-18
RASGRP3,2.1896919488451803e-18
TNC,2.1851323191764208e-18
CTDSPL,2.1816376110130427e-18
GALNT16,2.1287319733030136e-18
BYSL,2.128731973303013e-18
ADAM8,2.116791359537024e-18
PPP1R18,2.1094237467877947e-18
DYNLT1,2.0987996030114763e-18
ELFN1,2.0889773511306254e-18
ENO1,2.061272879778494e-18
WDHD1,2.0513858970149522e-18
CLEC3B,2.040452533803135e-18
SPRED3,2.0131239670431335e-18
GPT,2.0063070571941258e-18
MTURN,2.0054207539777433e-18
HAUS1,2.0004436605913116e-18
ADAM10,1.9692961982706764e-18
ADD3,1.9671675484918336e-18
TIMP1,1.9549247969775075e-18
TNXB,1.950432569076529e-18
S1PR3,1.9396152852951483e-18
ILF2,1.925995594893203e-18
DNHD1,1.91392795332119e-18
ADAM19,1.8519757451022705e-18
DPY19L1,1.840632909246967e-18
CREBZF,1.820554320553296e-18
DYSF,1.8166828749867225e-18
PILRB,1.813361194092456e-18
OSMR,1.8123094722910877e-18
TPX2,1.8120008417697927e-18
RBM6,1.786078202672811e-18
PAPSS2,1.7849248649163774e-18
SHMT2,1.77912470843671e-18
ARF4,1.7791247084367095e-18
ARF1,1.7791247084367095e-18
PRELP,1.7763568394002486e-18
CXCL3,1.774467991154194e-18
SHC2,1.7646702812462988e-18
PDIA3,1.7498080279418196e-18
TK1,1.7435445799680066e-18
ADAMTS9,1.7232592164833932e-18
TOP2A,1.7204950914243718e-18
BCAR1,1.712685246699422e-18
LRP8,1.6952622880363242e-18
CHEK1,1.6917640917029777e-18
TUBB3,1.6557704017093886e-18
SV2A,1.5952151880140388e-18
GK,1.5952151880140388e-18
RABL2A,1.5929286875056564e-18
SNAI2,1.5816476773842658e-18
SLC39A7,1.57920968445537e-18
AURKA,1.5792096844553688e-18
GPX8,1.5784475176192435e-18
OSTC,1.5780762055708725e-18
ADCY5,1.5777913184135148e-18
IL4I1,1.5593985433081285e-18
CHST15,1.5455357678773893e-18
KIF18B,1.5335842854221136e-18
CIAO2A,1.5180839041979752e-18
TACC3,1.5180839041979752e-18
MTHFD1L,1.5054132148310622e-18
GINS1,1.5033264488334641e-18
FAM189A2,1.5003327454434851e-18
PMM2,1.4904172480465618e-18
LXN,1.4900361646284985e-18
COL15A1,1.462347866702725e-18
LRR1,1.4623478667027235e-18
INHBA,1.4557824596945093e-18
GMPPA,1.4533127787627901e-18
PTPRE,1.4529538166400064e-18
STEAP1,1.4529538166400052e-18
SEC24D,1.4510809707820016e-18
MAP1S,1.445807199702021e-18
ZNF697,1.443289932012702e-18
CXCL1,1.443289932012702e-18
MCM6,1.4432899320127015e-18
C1QTNF6,1.4303172173227881e-18
ZNF251,1.4191546488686772e-18
SEMA6B,1.4029181856626961e-18
SEC61A1,1.4008957824901537e-18
PLEKHH2,1.3998464223534566e-18
TUBA1C,1.3998464223534566e-18
EIF4E2,1.3991997353409843e-18
SHCBP1,1.3926481800122562e-18
ACTN1,1.392648180012256e-18
FHL1,1.3926481800122549e-18
HMMR,1.3926058374102494e-18
THBS1,1.3925200766588584e-18
SEC61B,1.3805381958382361e-18
CBFA2T3,1.3515758560654056e-18
BAX,1.3323293566170516e-18
STARD9,1.3177864596637713e-18
CCNB1,1.3018571727887152e-18
SPTBN1,1.2942863155498525e-18
SKA1,1.2942863155498524e-18
E2F3,1.267643861798524e-18
RCAN2,1.248336893717279e-18
COLGALT1,1.2377987458322663e-18
TGM2,1.2337641935184635e-18
GOLGA8B,1.2270886061646455e-18
UHRF1,1.220038562930469e-18
IER5L,1.2054197795875317e-18
ZDHHC16,1.1781494724764834e-18
SYBU,1.17093441465219e-18
HK3,1.1702595414459182e-18
FKBP1A,1.1702595414459182e-18
MMP28,1.170259541445918e-18
FAM83D,1.1698370015549621e-18
KANSL1L,1.1584300770101944e-18
TMED9,1.132431719377859e-18
COPB2,1.115050081253961e-18
PCDH17,1.1150500812539606e-18
SLC2A6,1.1086076950726271e-18
NACC1,1.1044305566705897e-18
CNTFR,1.0948459744225911e-18
PDE2A,1.094845974422591e-18
TOMM40,1.0942244185039172e-18
BTNL9,1.0897715478557446e-18
ENG,1.0865605672035432e-18
GLA,1.0803191846429919e-18
MYBL2,1.0691930432803128e-18
MIR99AHG,1.0691930432803122e-18
ARHGDIA,1.0654994655360049e-18
SPP1,1.0654994655360047e-18
PTPRS,1.0654994655360035e-18
ADAM12,1.0622704761855924e-18
EPHX1,1.0595389300227031e-18
NRIP3,1.0590943327016285e-18
COL6A3,1.0590943327016279e-18
PLPP3,1.0588021687477803e-18
CARM1,1.0498848167650937e-18
CXCL8,1.0498848167650929e-18
EIF4A1,1.0498848167650923e-18
CSAD,1.0498848167650921e-18
ANK2,1.049399801505739e-18
DOK3,1.0493998015057388e-18
ITGA4,1.0493998015057384e-18
SEZ6L2,1.012055936131984e-18
KIFC1,1.0002218302956564e-18
HNRNPAB,9.999441235274224e-19
COPG1,9.992007221626398e-19
SYNM,9.992007221626398e-19
FTX,9.992007221626397e-19
PHC2,9.992007221626393e-19
LAYN,9.992007221626389e-19
POGZ,9.96929811430453e-19
CDCA3,9.847090911627876e-19
GALNT2,9.835837742459178e-19
NCLN,9.835837742459178e-19
HJURP,9.685235070085238e-19
TGFB1,9.208179383098637e-19
PLAU,9.102018655690473e-19
LINC00893,9.06000420884897e-19
CDR2L,8.895041671305379e-19
RRBP1,8.622082904691264e-19
UCK2,8.127938701108141e-19
LMNB2,7.819400884117401e-19
ATAD2,7.802454334800438e-19
BID,7.775949405675002e-19
DNAJC15,7.77156117237609e-19
NUTF2,7.771561172376088e-19
PBX1,7.771561172376088e-19
SRPRB,7.771561172376087e-19
CCDC18-AS1,7.749087022080034e-19
HID1,7.749087022080032e-19
HPCAL1,7.707083610147405e-19
MPDU1,7.707083610147403e-19
PLOD1,7.596262800066854e-19
TUSC3,7.578478907223884e-19
SLAMF8,7.376878306844385e-19
KLHDC1,7.36126135892766e-19
ALDH18A1,7.282955402189603e-19
MMP3,7.192314376919486e-19
FCGR1A,7.095773244343391e-19
PDIA4,7.084391552923892e-19
HMBS,6.999232111767285e-19
APOBEC3B,6.999232111767284e-19
TGFBR1,6.999232111767283e-19
ANGPT2,6.999232111767279e-19
TMCO3,6.99599867670493e-19
CCDC167,6.995998676704926e-19
ABCA6,6.902690979191185e-19
VSIG10,6.902690979191185e-19
NDC80,6.902690979191185e-19
ABCA2,6.806149846615086e-19
KIF2C,6.780451144320031e-19
LINC01089,6.661338147750936e-19
SPINDOC,6.661338147750935e-19
FKBP14,6.661338147750934e-19
MTMR2,6.661338147750934e-19
AHSA2P,6.661338147750933e-19
RAB13,6.661338147750933e-19
SPC24,6.661338147750931e-19
NSUN5P1,6.646198742869678e-19
CKS2,6.588297159288755e-19
BUB1,6.545274847091572e-19
VWA1,6.53751365162072e-19
COTL1,6.534167146748414e-19
STMN1,6.501441896921769e-19
GINS2,6.501441896921763e-19
RRM2,6.499024840057197e-19
GPR176,6.371714750022635e-19
CHRDL1,6.357233580136218e-19
CRY2,6.357233580136214e-19
SHKBP1,6.354565996209777e-19
PPIB,6.354565996209774e-19
JPT1,6.354565996209774e-19
SHC1,6.354565996209772e-19
GSDME,6.354565996209768e-19
CLIC1,6.31074140313246e-19
POLR3D,6.310741403132457e-19
NUF2,6.072335616791904e-19
WIPI1,6.072335616791903e-19
CD93,6.0723356167919015e-19
SUN1,5.994398363447982e-19
ALPL,5.901502645475504e-19
GNG5,5.843279076974499e-19
CCDC146,5.832693426472739e-19
ABI3,5.804323883128008e-19
ZYX,5.468365580917692e-19
RHOG,5.346600355431671e-19
REV3L,5.201153517537415e-19
CIP2A,4.91791887122959e-19
BMP1,4.73422861671262e-19
TMED10,4.73422861671262e-19
CHN1,4.590626124848094e-19
FXYD1,4.4167568153565925e-19
GMNN,4.2478098333484174e-19
FBXO5,4.2071609354216394e-19
CFL1,4.1056724040847147e-19
MTFP1,4.0547275681962216e-19
PBK,3.882858946649555e-19
APBA2,3.882858946649555e-19
PRC1,3.5644002369544484e-19
SULF2,3.499616055883645e-19
YIF1A,3.4996160558836443e-19
ITM2A,3.4996160558836443e-19
RBMS3,3.499616055883642e-19
SLIT3,3.4979993383524627e-19
ST8SIA4,3.3306690738754682e-19
DFFA,3.330669073875468e-19
MAP4K4,3.330669073875467e-19
RAB31,3.330669073875467e-19
POLE2,3.330669073875467e-19
TUBB,3.330669073875466e-19
CDK1,3.3230993714348376e-19
ABCA10,3.1786167900681095e-19
LEPR,3.1786167900681075e-19
TPM3,3.0007672759879505e-19
ZPR1,2.9059076332800116e-19
P2RY6,2.857569702019717e-19
MSC,2.8575697020197165e-19
PTGIS,2.8191351561284896e-19
SLC11A1,2.1642409015304416e-19
CYTOR,8.852253968213258e-20
DMD,8.668954882003925e-20
PLK1,0.0
PPM1G,0.0
PPP4C,0.0
PLEKHB2,0.0
PCOLCE2,0.0
P3H4,0.0
P4HA3,0.0
SKA3,0.0
PDGFD,0.0
PGM5,0.0
PIMREG,0.0
ORAI2,0.0
ORC1,0.0
OSM,0.0
OLFML2B,0.0
PSRC1,0.0
RAB27A,0.0
PDPN,0.0
PKMYT1,0.0
PAQR4,0.0
SCN4B,0.0
SEC13,0.0
SCG5,0.0
SEMA3B,0.0
RAD51,0.0
RAD51AP1,0.0
SDF2L1,0.0
MSN,0.0
MSX2,0.0
SNRPB,0.0
SND1,0.0
SNRPB2,0.0
SPAG5,0.0
NANS,0.0
MYDGF,0.0
NXPH3,0.0
MAGED1,0.0
MAD2L1,0.0
LY6G5B,0.0
MAPKAPK2,0.0
MRTFB,0.0
MMP9,0.0
MRPL17,0.0
STAG3L5P-PVRIG2P-PILRB,0.0
STIL,0.0
LPCAT1,0.0
LTC4S,0.0
LINC00265,0.0
LAMB1,0.0
LINC01614,0.0
LMNB1,0.0
KLF8,0.0
KNL1,0.0
KDELR1,0.0
KIF4A,0.0
METTL1,0.0
MCM10,0.0
MARCKSL1,0.0
MFAP5,0.0
HYI,0.0
IGSF9B,0.0
ITGAX,0.0
ITIH5,0.0
HERC2P9,0.0
HSP90B1,0.0
HPGDS,0.0
HPRT1,0.0
GPC3,0.0
GOLGA8R,0.0
GOLGA8N,0.0
GLIS3,0.0
TIMM17A,0.0
GYG1,0.0
GSDMB,0.0
HMCN2,0.0
GFPT2,0.0
TEAD4,0.0
TIMELESS,0.0
FOXM1,0.0
NME1,0.0
NCALD,0.0
NUSAP1,0.0
RERG,0.0
PVR,0.0
PYCR1,0.0
RRP7BP,0.0
SAV1,0.0
RUNX1T1,0.0
ABRACL,0.0
ACACB,0.0
ZFPM2,0.0
ECHDC2,0.0
ECT2,0.0
EHD4,0.0
TMED1,0.0
TMEM104,0.0
TMEM158,0.0
TMEM208,0.0
EXO1,0.0
FXYD5,0.0
FAM167B,0.0
FCGR1CP,0.0
FEN1,0.0
CHPF2,0.0
CPE,0.0
DPM2,0.0
CNN2,0.0
TNFAIP8L1,0.0
TNFRSF10D,0.0
CLEC5A,0.0
CENPF,0.0
CENPE,0.0
CENPA,0.0
CEMIP2,0.0
CENPN,0.0
CDKN3,0.0
TUBA1B,0.0
TSPAN17,0.0
TTLL3,0.0
TROAP,0.0
DCST2,0.0
DIO3OS,0.0
DTYMK,0.0
CDCA8,0.0
TREM1,0.0
TRIM66,0.0
CDC45,0.0
C7,0.0
C11orf24,0.0
CALU,0.0
CCT2,0.0
BMP4,0.0
BIRC5,0.0
BCAT1,0.0
AURKB,0.0
VASP,0.0
USB1,0.0
BUB1B,0.0
CAB39L,0.0
ATAD3A,0.0
TYMS,0.0
ARMC9,0.0
ASF1B,0.0
ARHGAP11A,0.0
AR,0.0
AP5S1,0.0
ARPC1B,0.0
AP2M1,0.0
AOX1,0.0
ALYREF,0.0
AMT,0.0
YKT6,0.0
YIF1B,0.0
VMO1,0.0
ADGRE2,0.0
ADAM9,0.0
ADAM33,0.0
